{"region_name": "SomMot", "target_nodes": [3, 4, 5, 36, 37, 38], "centrality": "singlenode", "num_top_nodes": 10, "avg_emin_centr": 405.2755986240833, "rank_agg": {"average": {"agg_control_nodes": [71, 59, 65, 55, 26, 12, 9, 45, 43, 40], "avg_emin_agg": 576.0067021907815}, "borda": {"agg_control_nodes": [71, 59, 65, 55, 26, 12, 9, 45, 43, 40], "avg_emin_agg": 576.0067021907815}, "dowdall": {"agg_control_nodes": [65, 71, 26, 59, 55, 9, 21, 12, 66, 43], "avg_emin_agg": 661.3518494843988}, "crank": {"agg_control_nodes": [62, 63, 64, 65, 66, 67, 68, 69, 70, 71], "avg_emin_agg": 940.2623546509195}}}