{"region_name": "Cont", "target_nodes": [20, 21, 22, 23, 50, 51, 52, 53, 54, 55], "centrality": "out_degree", "num_top_nodes": 10, "avg_emin_centr": 279.2850274815293, "rank_agg": {"average": {"agg_control_nodes": [9, 43, 12, 27, 59, 62, 61, 46, 28, 26], "avg_emin_agg": 343.4193897734734}, "borda": {"agg_control_nodes": [9, 43, 12, 27, 59, 62, 61, 46, 28, 26], "avg_emin_agg": 343.4193897734734}, "dowdall": {"agg_control_nodes": [43, 9, 12, 59, 47, 46, 26, 67, 3, 27], "avg_emin_agg": 447.29770427500665}, "crank": {"agg_control_nodes": [43, 9, 12, 59, 27, 62, 61, 28, 46, 26], "avg_emin_agg": 343.4193897734734}}}