{"region_name": "Default", "target_nodes": [24, 25, 26, 27, 28, 29, 30, 31, 32, 56, 57, 58, 59, 60, 61, 62], "centrality": "out_degree", "num_top_nodes": 10, "avg_emin_centr": 3316.240670885913, "rank_agg": {"average": {"agg_control_nodes": [9, 43, 12, 55, 46, 20, 14, 21, 16, 39], "avg_emin_agg": 4988.185660850283}, "borda": {"agg_control_nodes": [9, 43, 12, 55, 46, 20, 14, 21, 16, 39], "avg_emin_agg": 4988.185660850283}, "dowdall": {"agg_control_nodes": [43, 9, 12, 46, 47, 67, 55, 3, 65, 39], "avg_emin_agg": 4647.747115234028}, "crank": {"agg_control_nodes": [9, 43, 12, 55, 46, 14, 20, 16, 21, 10], "avg_emin_agg": 5040.454468005533}}}