{"region_name": "Vis", "target_nodes": [1, 2, 33, 34, 35], "centrality": "singlenode", "num_top_nodes": 10, "avg_emin_centr": 178.70023059664607, "rank_agg": {"average": {"agg_control_nodes": [71, 43, 65, 59, 67, 26, 12, 49, 62, 22], "avg_emin_agg": 251.4808011333387}, "borda": {"agg_control_nodes": [71, 43, 65, 59, 67, 26, 12, 49, 62, 22], "avg_emin_agg": 251.4808011333387}, "dowdall": {"agg_control_nodes": [12, 71, 67, 49, 26, 43, 65, 74, 56, 9], "avg_emin_agg": 269.5700787198507}, "crank": {"agg_control_nodes": [62, 63, 64, 65, 66, 67, 68, 69, 70, 71], "avg_emin_agg": 443.6226581515837}}}