{"region_name": "SalVentAttn", "target_nodes": [10, 11, 12, 13, 14, 15, 16, 44, 45, 46, 47], "centrality": "out_degree", "num_top_nodes": 10, "avg_emin_centr": 626.6729615250965, "rank_agg": {"average": {"agg_control_nodes": [9, 43, 27, 59, 62, 61, 55, 28, 56, 26], "avg_emin_agg": 982.8221956640087}, "borda": {"agg_control_nodes": [9, 43, 27, 59, 62, 61, 55, 28, 56, 26], "avg_emin_agg": 982.8221956640087}, "dowdall": {"agg_control_nodes": [9, 43, 59, 26, 3, 27, 67, 39, 62, 61], "avg_emin_agg": 981.32252967459}, "crank": {"agg_control_nodes": [9, 43, 59, 27, 62, 28, 61, 56, 26, 55], "avg_emin_agg": 982.8221956640087}}}