{"region_name": "Limbic", "target_nodes": [17, 18, 19, 48, 49], "centrality": "singlenode", "num_top_nodes": 10, "avg_emin_centr": 139.64034800550345, "rank_agg": {"average": {"agg_control_nodes": [59, 26, 27, 37, 33, 61, 25, 43, 1, 12], "avg_emin_agg": 223.69130367581624}, "borda": {"agg_control_nodes": [59, 26, 27, 37, 33, 61, 25, 43, 1, 12], "avg_emin_agg": 223.69130367581624}, "dowdall": {"agg_control_nodes": [65, 59, 26, 1, 27, 12, 25, 56, 37, 33], "avg_emin_agg": 213.08795919546995}, "crank": {"agg_control_nodes": [62, 63, 64, 65, 66, 67, 68, 69, 70, 71], "avg_emin_agg": 419.7213231855112}}}