{"region_name": "Subcortical", "target_nodes": [63, 64, 65, 66, 67, 68, 69, 70, 71, 72, 73, 74], "centrality": "pq", "num_top_nodes": 10, "avg_emin_centr": 1984.0524429007608, "rank_agg": {"average": {"agg_control_nodes": [26, 1, 49, 18, 33, 9, 43, 12, 59, 48], "avg_emin_agg": 2961.7843860446665}, "borda": {"agg_control_nodes": [26, 1, 49, 18, 33, 9, 43, 12, 59, 48], "avg_emin_agg": 2961.7843860446665}, "dowdall": {"agg_control_nodes": [12, 26, 43, 9, 49, 1, 33, 59, 18, 46], "avg_emin_agg": 3014.3571504396646}, "crank": {"agg_control_nodes": [26, 1, 33, 49, 18, 59, 43, 12, 9, 17], "avg_emin_agg": 2839.3241531598705}}}