{"region_name": "DorsAttn", "target_nodes": [6, 7, 8, 9, 39, 40, 41, 42, 43], "centrality": "singlenode", "num_top_nodes": 10, "avg_emin_centr": 399.77797381760996, "rank_agg": {"average": {"agg_control_nodes": [59, 61, 27, 46, 12, 71, 37, 21, 65, 26], "avg_emin_agg": 475.32189941390715}, "borda": {"agg_control_nodes": [59, 61, 27, 46, 12, 71, 37, 21, 65, 26], "avg_emin_agg": 475.32189941390715}, "dowdall": {"agg_control_nodes": [46, 21, 71, 59, 65, 12, 27, 31, 61, 50], "avg_emin_agg": 517.1320024919814}, "crank": {"agg_control_nodes": [62, 63, 64, 65, 66, 67, 68, 69, 70, 71], "avg_emin_agg": 1207.4114652921055}}}